https://data.gov.in/sites/default/files/NDSAP.pdf,files/sites-default-files-NDSAP.pdf
https://data.gov.in/sites/default/files/NDSAP_Implementation_Guidelines_2.2.pdf,files/sites-default-files-NDSAP_Implementation_Guidelines_2.2.pdf
https://data.gov.in/sites/default/files/NDSAP.pdf,files/sites-default-files-NDSAP.pdf
https://data.gov.in/sites/default/files/NDSAP_Implementation_Guidelines_2.2.pdf,files/sites-default-files-NDSAP_Implementation_Guidelines_2.2.pdf
http://data.gov.in/sites/default/files/NDSAP.pdf,files/sites-default-files-NDSAP.pdf
http://data.gov.in/sites/default/files/NDSAP_Implementation_Guidelines_2.2.pdf,files/sites-default-files-NDSAP_Implementation_Guidelines_2.2.pdf
https://india.gov.in/sites/upload_files/npi/files/IndiaPortal.apk,files/upload_files-npi-files-IndiaPortal.apk
https://data.gov.in/sites/default/files/office_memorandum.pdf,files/sites-default-files-office_memorandum.pdf
https://data.gov.in/sites/default/files/NDSAP.pdf,files/sites-default-files-NDSAP.pdf
https://data.gov.in/sites/default/files/NDSAP_Implementation_Guidelines_2.2.pdf,files/sites-default-files-NDSAP_Implementation_Guidelines_2.2.pdf
https://community.data.gov.in/wp-content/uploads/2017/05/HospitalWay-Banner-Option-2.jpg,files/uploads-2017-05-HospitalWay-Banner-Option-2.jpg
https://community.data.gov.in/wp-content/uploads/2017/05/1.png,files/uploads-2017-05-1.png
https://community.data.gov.in/wp-content/uploads/2017/05/3.png,files/uploads-2017-05-3.png
https://community.data.gov.in/wp-content/uploads/2017/05/4.png,files/uploads-2017-05-4.png
https://community.data.gov.in/wp-content/uploads/2017/05/2.png,files/uploads-2017-05-2.png
https://data.gov.in/sites/default/files/NDSAP.pdf,files/sites-default-files-NDSAP.pdf
https://data.gov.in/sites/default/files/NDSAP_Implementation_Guidelines_2.2.pdf,files/sites-default-files-NDSAP_Implementation_Guidelines_2.2.pdf
https://data.gov.in/sites/default/files/NDSAP.pdf,files/sites-default-files-NDSAP.pdf
https://data.gov.in/sites/default/files/NDSAP_Implementation_Guidelines_2.2.pdf,files/sites-default-files-NDSAP_Implementation_Guidelines_2.2.pdf
https://data.gov.in/sites/default/files/NDSAP.pdf,files/sites-default-files-NDSAP.pdf
https://data.gov.in/sites/default/files/NDSAP_Implementation_Guidelines_2.2.pdf,files/sites-default-files-NDSAP_Implementation_Guidelines_2.2.pdf
https://data.gov.in/sites/default/files/NDSAP.pdf,files/sites-default-files-NDSAP.pdf
https://data.gov.in/sites/default/files/NDSAP_Implementation_Guidelines_2.2.pdf,files/sites-default-files-NDSAP_Implementation_Guidelines_2.2.pdf
https://data.gov.in/sites/default/files/NDSAP.pdf,files/sites-default-files-NDSAP.pdf
https://data.gov.in/sites/default/files/NDSAP_Implementation_Guidelines_2.2.pdf,files/sites-default-files-NDSAP_Implementation_Guidelines_2.2.pdf
https://data.gov.in/sites/default/files/NDSAP.pdf,files/sites-default-files-NDSAP.pdf
https://data.gov.in/sites/default/files/NDSAP_Implementation_Guidelines_2.2.pdf,files/sites-default-files-NDSAP_Implementation_Guidelines_2.2.pdf
https://data.gov.in/sites/default/files/NDSAP.pdf,files/sites-default-files-NDSAP.pdf
https://data.gov.in/sites/default/files/NDSAP_Implementation_Guidelines_2.2.pdf,files/sites-default-files-NDSAP_Implementation_Guidelines_2.2.pdf
http://data.gov.in/sites/default/files/NDSAP.pdf,files/sites-default-files-NDSAP.pdf
http://data.gov.in/sites/default/files/NDSAP_Implementation_Guidelines_2.2.pdf,files/sites-default-files-NDSAP_Implementation_Guidelines_2.2.pdf
https://data.gov.in/sites/default/files/NDSAP.pdf,files/sites-default-files-NDSAP.pdf
https://data.gov.in/sites/default/files/NDSAP_Implementation_Guidelines_2.2.pdf,files/sites-default-files-NDSAP_Implementation_Guidelines_2.2.pdf
https://data.gov.in/sites/default/files/NDSAP.pdf,files/sites-default-files-NDSAP.pdf
https://data.gov.in/sites/default/files/NDSAP_Implementation_Guidelines_2.2.pdf,files/sites-default-files-NDSAP_Implementation_Guidelines_2.2.pdf
https://data.gov.in/sites/default/files/NDSAP.pdf,files/sites-default-files-NDSAP.pdf
https://data.gov.in/sites/default/files/NDSAP_Implementation_Guidelines_2.2.pdf,files/sites-default-files-NDSAP_Implementation_Guidelines_2.2.pdf
https://data.gov.in/sites/default/files/NDSAP.pdf,files/sites-default-files-NDSAP.pdf
https://data.gov.in/sites/default/files/NDSAP_Implementation_Guidelines_2.2.pdf,files/sites-default-files-NDSAP_Implementation_Guidelines_2.2.pdf
https://community.data.gov.in/wp-content/uploads/2017/05/HospitalWay-Banner-Option-2.jpg,files/uploads-2017-05-HospitalWay-Banner-Option-2.jpg
https://community.data.gov.in/wp-content/uploads/2017/05/1.png,files/uploads-2017-05-1.png
https://community.data.gov.in/wp-content/uploads/2017/05/3.png,files/uploads-2017-05-3.png
https://community.data.gov.in/wp-content/uploads/2017/05/4.png,files/uploads-2017-05-4.png
https://community.data.gov.in/wp-content/uploads/2017/05/2.png,files/uploads-2017-05-2.png
https://data.gov.in/sites/default/files/NDSAP.pdf,files/sites-default-files-NDSAP.pdf
https://data.gov.in/sites/default/files/NDSAP_Implementation_Guidelines_2.2.pdf,files/sites-default-files-NDSAP_Implementation_Guidelines_2.2.pdf
https://data.gov.in/sites/default/files/NDSAP.pdf,files/sites-default-files-NDSAP.pdf
https://data.gov.in/sites/default/files/NDSAP_Implementation_Guidelines_2.2.pdf,files/sites-default-files-NDSAP_Implementation_Guidelines_2.2.pdf
https://data.gov.in/sites/default/files/NDSAP.pdf,files/sites-default-files-NDSAP.pdf
https://data.gov.in/sites/default/files/NDSAP_Implementation_Guidelines_2.2.pdf,files/sites-default-files-NDSAP_Implementation_Guidelines_2.2.pdf
https://data.gov.in/sites/default/files/NDSAP.pdf,files/sites-default-files-NDSAP.pdf
https://data.gov.in/sites/default/files/NDSAP_Implementation_Guidelines_2.2.pdf,files/sites-default-files-NDSAP_Implementation_Guidelines_2.2.pdf
https://data.gov.in/sites/default/files/NDSAP.pdf,files/sites-default-files-NDSAP.pdf
https://data.gov.in/sites/default/files/NDSAP.pdf,files/sites-default-files-NDSAP.pdf
https://data.gov.in/sites/default/files/NDSAP_Implementation_Guidelines_2.2.pdf,files/sites-default-files-NDSAP_Implementation_Guidelines_2.2.pdf
https://community.data.gov.in/wp-content/uploads/2017/05/HospitalWay-Banner-Option-2.jpg,files/uploads-2017-05-HospitalWay-Banner-Option-2.jpg
https://community.data.gov.in/wp-content/uploads/2017/05/1.png,files/uploads-2017-05-1.png
https://community.data.gov.in/wp-content/uploads/2017/05/3.png,files/uploads-2017-05-3.png
https://community.data.gov.in/wp-content/uploads/2017/05/4.png,files/uploads-2017-05-4.png
https://community.data.gov.in/wp-content/uploads/2017/05/2.png,files/uploads-2017-05-2.png
https://data.gov.in/sites/default/files/NDSAP.pdf,files/sites-default-files-NDSAP.pdf
https://data.gov.in/sites/default/files/NDSAP_Implementation_Guidelines_2.2.pdf,files/sites-default-files-NDSAP_Implementation_Guidelines_2.2.pdf
https://data.gov.in/sites/default/files/NDSAP.pdf,files/sites-default-files-NDSAP.pdf
https://data.gov.in/sites/default/files/NDSAP_Implementation_Guidelines_2.2.pdf,files/sites-default-files-NDSAP_Implementation_Guidelines_2.2.pdf
https://data.gov.in/sites/default/files/NDSAP.pdf,files/sites-default-files-NDSAP.pdf
https://data.gov.in/sites/default/files/NDSAP_Implementation_Guidelines_2.2.pdf,files/sites-default-files-NDSAP_Implementation_Guidelines_2.2.pdf
https://data.gov.in/sites/default/files/NDSAP.pdf,files/sites-default-files-NDSAP.pdf
https://data.gov.in/sites/default/files/NDSAP_Implementation_Guidelines_2.2.pdf,files/sites-default-files-NDSAP_Implementation_Guidelines_2.2.pdf
https://data.gov.in/sites/default/files/NDSAP.pdf,files/sites-default-files-NDSAP.pdf
https://data.gov.in/sites/default/files/NDSAP_Implementation_Guidelines_2.2.pdf,files/sites-default-files-NDSAP_Implementation_Guidelines_2.2.pdf
https://data.gov.in/sites/default/files/NDSAP.pdf,files/sites-default-files-NDSAP.pdf
https://data.gov.in/sites/default/files/NDSAP_Implementation_Guidelines_2.2.pdf,files/sites-default-files-NDSAP_Implementation_Guidelines_2.2.pdf
https://data.gov.in/sites/default/files/NDSAP.pdf,files/sites-default-files-NDSAP.pdf
https://data.gov.in/sites/default/files/NDSAP_Implementation_Guidelines_2.2.pdf,files/sites-default-files-NDSAP_Implementation_Guidelines_2.2.pdf
http://data.gov.in/sites/default/files/NDSAP.pdf,files/sites-default-files-NDSAP.pdf
http://data.gov.in/sites/default/files/NDSAP_Implementation_Guidelines_2.2.pdf,files/sites-default-files-NDSAP_Implementation_Guidelines_2.2.pdf
https://community.data.gov.in/wp-content/uploads/2015/08/Milk.jpg,files/uploads-2015-08-Milk.jpg
https://data.gov.in/sites/default/files/datafile/Animal_Husbandry_TABLE1_2012-13.csv,files/default-files-datafile-Animal_Husbandry_TABLE1_2012-13.csv
http://data.gov.in/sites/default/files/NDSAP.pdf,files/sites-default-files-NDSAP.pdf
https://community.data.gov.in/wp-content/uploads/2016/11/VOD-Banner-01112016.jpg,files/uploads-2016-11-VOD-Banner-01112016.jpg
https://data.gov.in/sites/default/files/NDSAP.pdf,files/sites-default-files-NDSAP.pdf
https://data.gov.in/sites/default/files/NDSAP_Implementation_Guidelines_2.2.pdf,files/sites-default-files-NDSAP_Implementation_Guidelines_2.2.pdf
https://india.gov.in/sites/upload_files/npi/files/IndiaPortal.apk,files/upload_files-npi-files-IndiaPortal.apk
http://data.gov.in/sites/default/files/NDSAP.pdf,files/sites-default-files-NDSAP.pdf
http://data.gov.in/sites/default/files/NDSAP_Implementation_Guidelines_2.2.pdf,files/sites-default-files-NDSAP_Implementation_Guidelines_2.2.pdf
http://data.gov.in/sites/default/files/banner116x31.jpg,files/sites-default-files-banner116x31.jpg
http://data.gov.in/sites/default/files/banner158x44_1.jpg,files/sites-default-files-banner158x44_1.jpg
http://data.gov.in/sites/default/files/banner175x46.jpg,files/sites-default-files-banner175x46.jpg
http://data.gov.in/sites/default/files/banner178x35.jpg,files/sites-default-files-banner178x35.jpg
http://data.gov.in/sites/default/files/banner182x57.jpg,files/sites-default-files-banner182x57.jpg
http://data.gov.in/sites/default/files/banner196x57.jpg,files/sites-default-files-banner196x57.jpg
http://data.gov.in/sites/default/files/banner217x50.jpg,files/sites-default-files-banner217x50.jpg
http://data.gov.in/sites/default/files/banner220x57.jpg,files/sites-default-files-banner220x57.jpg
http://data.gov.in/sites/default/files/banner247x57.jpg,files/sites-default-files-banner247x57.jpg
http://data.gov.in/sites/default/files/banner391x67.jpg,files/sites-default-files-banner391x67.jpg
https://data.gov.in/sites/default/files/NDSAP_Implementation_Guidelines_2.2.pdf,files/sites-default-files-NDSAP_Implementation_Guidelines_2.2.pdf
http://www.copyright.gov.in/Documents/CopyrightRules1957.pdf,files/www-copyright-gov-in-Documents-CopyrightRules1957.pdf
http://meity.gov.in/sites/upload_files/dit/files/GSR313E_10511(1).pdf,files/upload_files-dit-files-GSR313E_10511(1).pdf
http://data.gov.in/sites/default/files/banner116x31.jpg,files/sites-default-files-banner116x31.jpg
http://data.gov.in/sites/default/files/banner158x44_1.jpg,files/sites-default-files-banner158x44_1.jpg
http://data.gov.in/sites/default/files/banner175x46.jpg,files/sites-default-files-banner175x46.jpg
http://data.gov.in/sites/default/files/banner178x35.jpg,files/sites-default-files-banner178x35.jpg
http://data.gov.in/sites/default/files/banner182x57.jpg,files/sites-default-files-banner182x57.jpg
http://data.gov.in/sites/default/files/banner196x57.jpg,files/sites-default-files-banner196x57.jpg
http://data.gov.in/sites/default/files/banner217x50.jpg,files/sites-default-files-banner217x50.jpg
http://data.gov.in/sites/default/files/banner220x57.jpg,files/sites-default-files-banner220x57.jpg
http://data.gov.in/sites/default/files/banner247x57.jpg,files/sites-default-files-banner247x57.jpg
http://data.gov.in/sites/default/files/banner391x67.jpg,files/sites-default-files-banner391x67.jpg
https://data.gov.in/sites/default/files/NDSAP.pdf,files/sites-default-files-NDSAP.pdf
https://data.gov.in/sites/default/files/NDSAP_Implementation_Guidelines_2.2.pdf,files/sites-default-files-NDSAP_Implementation_Guidelines_2.2.pdf
http://data.gov.in/sites/default/files/NDSAP.pdf,files/sites-default-files-NDSAP.pdf
http://data.gov.in/sites/default/files/NDSAP_Implementation_Guidelines_2.2.pdf,files/sites-default-files-NDSAP_Implementation_Guidelines_2.2.pdf
http://mohfw.gov.in/sites/default/files/3274927564Nirmaya.pdf,files/sites-default-files-3274927564Nirmaya.pdf
http://mohfw.gov.in/sites/default/files/8307150001409055047.pdf,files/sites-default-files-8307150001409055047.pdf
http://data.gov.in/sites/default/files/NDSAP.pdf,files/sites-default-files-NDSAP.pdf
http://data.gov.in/sites/default/files/NDSAP_Implementation_Guidelines_2.2.pdf,files/sites-default-files-NDSAP_Implementation_Guidelines_2.2.pdf
http://data.gov.in/sites/default/files/NDSAP.pdf,files/sites-default-files-NDSAP.pdf
http://data.gov.in/sites/default/files/NDSAP_Implementation_Guidelines_2.2.pdf,files/sites-default-files-NDSAP_Implementation_Guidelines_2.2.pdf
http://mohfw.gov.in/sites/default/files/40640721491421816645.pdf,files/sites-default-files-40640721491421816645.pdf
https://data.gov.in/sites/default/files/NDSAP.pdf,files/sites-default-files-NDSAP.pdf
https://data.gov.in/sites/default/files/NDSAP_Implementation_Guidelines_2.2.pdf,files/sites-default-files-NDSAP_Implementation_Guidelines_2.2.pdf
https://data.gov.in/sites/default/files/NDSAP.pdf,files/sites-default-files-NDSAP.pdf
https://data.gov.in/sites/default/files/NDSAP_Implementation_Guidelines_2.2.pdf,files/sites-default-files-NDSAP_Implementation_Guidelines_2.2.pdf
https://data.gov.in/sites/default/files/NDSAP.pdf,files/sites-default-files-NDSAP.pdf
https://data.gov.in/sites/default/files/NDSAP_Implementation_Guidelines_2.2.pdf,files/sites-default-files-NDSAP_Implementation_Guidelines_2.2.pdf
https://community.data.gov.in/wp-content/uploads/2017/05/HospitalWay-Banner-Option-2.jpg,files/uploads-2017-05-HospitalWay-Banner-Option-2.jpg
https://community.data.gov.in/wp-content/uploads/2017/05/1.png,files/uploads-2017-05-1.png
https://community.data.gov.in/wp-content/uploads/2017/05/3.png,files/uploads-2017-05-3.png
https://community.data.gov.in/wp-content/uploads/2017/05/4.png,files/uploads-2017-05-4.png
https://community.data.gov.in/wp-content/uploads/2017/05/2.png,files/uploads-2017-05-2.png
https://data.gov.in/sites/default/files/NDSAP.pdf,files/sites-default-files-NDSAP.pdf
https://data.gov.in/sites/default/files/NDSAP_Implementation_Guidelines_2.2.pdf,files/sites-default-files-NDSAP_Implementation_Guidelines_2.2.pdf
https://data.gov.in/sites/default/files/NDSAP.pdf,files/sites-default-files-NDSAP.pdf
https://data.gov.in/sites/default/files/NDSAP_Implementation_Guidelines_2.2.pdf,files/sites-default-files-NDSAP_Implementation_Guidelines_2.2.pdf
https://data.gov.in/sites/default/files/NDSAP.pdf,files/sites-default-files-NDSAP.pdf
https://data.gov.in/sites/default/files/NDSAP_Implementation_Guidelines_2.2.pdf,files/sites-default-files-NDSAP_Implementation_Guidelines_2.2.pdf
https://data.gov.in/sites/default/files/NDSAP.pdf,files/sites-default-files-NDSAP.pdf
https://data.gov.in/sites/default/files/NDSAP_Implementation_Guidelines_2.2.pdf,files/sites-default-files-NDSAP_Implementation_Guidelines_2.2.pdf
https://data.gov.in/sites/default/files/NDSAP.pdf,files/sites-default-files-NDSAP.pdf
https://data.gov.in/sites/default/files/NDSAP_Implementation_Guidelines_2.2.pdf,files/sites-default-files-NDSAP_Implementation_Guidelines_2.2.pdf
https://data.gov.in/sites/default/files/NDSAP.pdf,files/sites-default-files-NDSAP.pdf
https://data.gov.in/sites/default/files/NDSAP_Implementation_Guidelines_2.2.pdf,files/sites-default-files-NDSAP_Implementation_Guidelines_2.2.pdf
https://data.gov.in/sites/default/files/NDSAP.pdf,files/sites-default-files-NDSAP.pdf
https://data.gov.in/sites/default/files/NDSAP_Implementation_Guidelines_2.2.pdf,files/sites-default-files-NDSAP_Implementation_Guidelines_2.2.pdf
https://data.gov.in/sites/default/files/NDSAP.pdf,files/sites-default-files-NDSAP.pdf
https://data.gov.in/sites/default/files/NDSAP_Implementation_Guidelines_2.2.pdf,files/sites-default-files-NDSAP_Implementation_Guidelines_2.2.pdf
http://data.gov.in/sites/default/files/NDSAP.pdf,files/sites-default-files-NDSAP.pdf
http://data.gov.in/sites/default/files/NDSAP_Implementation_Guidelines_2.2.pdf,files/sites-default-files-NDSAP_Implementation_Guidelines_2.2.pdf
http://data.gov.in/sites/default/files/NDSAP.pdf,files/sites-default-files-NDSAP.pdf
https://data.gov.in/sites/default/files/NDSAP_Implementation_Guidelines_2.2.pdf,files/sites-default-files-NDSAP_Implementation_Guidelines_2.2.pdf
http://www.copyright.gov.in/Documents/CopyrightRules1957.pdf,files/www-copyright-gov-in-Documents-CopyrightRules1957.pdf
http://meity.gov.in/sites/upload_files/dit/files/GSR313E_10511(1).pdf,files/upload_files-dit-files-GSR313E_10511(1).pdf
https://community.data.gov.in/wp-content/uploads/2015/08/Milk.jpg,files/uploads-2015-08-Milk.jpg
https://data.gov.in/sites/default/files/datafile/Animal_Husbandry_TABLE1_2012-13.csv,files/default-files-datafile-Animal_Husbandry_TABLE1_2012-13.csv
http://data.gov.in/sites/default/files/NDSAP.pdf,files/sites-default-files-NDSAP.pdf
http://data.gov.in/sites/default/files/NDSAP_Implementation_Guidelines_2.2.pdf,files/sites-default-files-NDSAP_Implementation_Guidelines_2.2.pdf
https://data.gov.in/sites/default/files/NDSAP.pdf,files/sites-default-files-NDSAP.pdf
https://data.gov.in/sites/default/files/NDSAP_Implementation_Guidelines_2.2.pdf,files/sites-default-files-NDSAP_Implementation_Guidelines_2.2.pdf
https://data.gov.in/sites/default/files/NDSAP.pdf,files/sites-default-files-NDSAP.pdf
https://data.gov.in/sites/default/files/NDSAP_Implementation_Guidelines_2.2.pdf,files/sites-default-files-NDSAP_Implementation_Guidelines_2.2.pdf
https://data.gov.in/sites/default/files/NDSAP.pdf,files/sites-default-files-NDSAP.pdf
https://data.gov.in/sites/default/files/NDSAP_Implementation_Guidelines_2.2.pdf,files/sites-default-files-NDSAP_Implementation_Guidelines_2.2.pdf
https://data.gov.in/sites/default/files/NDSAP.pdf,files/sites-default-files-NDSAP.pdf
https://data.gov.in/sites/default/files/NDSAP_Implementation_Guidelines_2.2.pdf,files/sites-default-files-NDSAP_Implementation_Guidelines_2.2.pdf
https://data.gov.in/sites/default/files/NDSAP.pdf,files/sites-default-files-NDSAP.pdf
https://data.gov.in/sites/default/files/NDSAP_Implementation_Guidelines_2.2.pdf,files/sites-default-files-NDSAP_Implementation_Guidelines_2.2.pdf
https://data.gov.in/sites/default/files/NDSAP.pdf,files/sites-default-files-NDSAP.pdf
https://data.gov.in/sites/default/files/NDSAP_Implementation_Guidelines_2.2.pdf,files/sites-default-files-NDSAP_Implementation_Guidelines_2.2.pdf
https://data.gov.in/sites/default/files/NDSAP.pdf,files/sites-default-files-NDSAP.pdf
https://data.gov.in/sites/default/files/NDSAP_Implementation_Guidelines_2.2.pdf,files/sites-default-files-NDSAP_Implementation_Guidelines_2.2.pdf
https://community.data.gov.in/wp-content/uploads/2017/05/HospitalWay-Banner-Option-2.jpg,files/uploads-2017-05-HospitalWay-Banner-Option-2.jpg
https://community.data.gov.in/wp-content/uploads/2017/05/1.png,files/uploads-2017-05-1.png
https://community.data.gov.in/wp-content/uploads/2017/05/3.png,files/uploads-2017-05-3.png
https://community.data.gov.in/wp-content/uploads/2017/05/4.png,files/uploads-2017-05-4.png
https://community.data.gov.in/wp-content/uploads/2017/05/2.png,files/uploads-2017-05-2.png
https://data.gov.in/sites/default/files/NDSAP.pdf,files/sites-default-files-NDSAP.pdf
https://data.gov.in/sites/default/files/NDSAP_Implementation_Guidelines_2.2.pdf,files/sites-default-files-NDSAP_Implementation_Guidelines_2.2.pdf
https://data.gov.in/sites/default/files/NDSAP.pdf,files/sites-default-files-NDSAP.pdf
https://data.gov.in/sites/default/files/NDSAP_Implementation_Guidelines_2.2.pdf,files/sites-default-files-NDSAP_Implementation_Guidelines_2.2.pdf
https://data.gov.in/sites/default/files/NDSAP.pdf,files/sites-default-files-NDSAP.pdf
https://data.gov.in/sites/default/files/NDSAP_Implementation_Guidelines_2.2.pdf,files/sites-default-files-NDSAP_Implementation_Guidelines_2.2.pdf
https://data.gov.in/sites/default/files/NDSAP.pdf,files/sites-default-files-NDSAP.pdf
https://data.gov.in/sites/default/files/NDSAP_Implementation_Guidelines_2.2.pdf,files/sites-default-files-NDSAP_Implementation_Guidelines_2.2.pdf
https://data.gov.in/sites/default/files/NDSAP.pdf,files/sites-default-files-NDSAP.pdf
https://data.gov.in/sites/default/files/NDSAP_Implementation_Guidelines_2.2.pdf,files/sites-default-files-NDSAP_Implementation_Guidelines_2.2.pdf
https://data.gov.in/sites/default/files/NDSAP.pdf,files/sites-default-files-NDSAP.pdf
https://data.gov.in/sites/default/files/NDSAP_Implementation_Guidelines_2.2.pdf,files/sites-default-files-NDSAP_Implementation_Guidelines_2.2.pdf
https://data.gov.in/sites/default/files/NDSAP.pdf,files/sites-default-files-NDSAP.pdf
https://data.gov.in/sites/default/files/NDSAP_Implementation_Guidelines_2.2.pdf,files/sites-default-files-NDSAP_Implementation_Guidelines_2.2.pdf
https://data.gov.in/sites/default/files/NDSAP.pdf,files/sites-default-files-NDSAP.pdf
https://data.gov.in/sites/default/files/NDSAP_Implementation_Guidelines_2.2.pdf,files/sites-default-files-NDSAP_Implementation_Guidelines_2.2.pdf
https://data.gov.in/sites/default/files/NDSAP.pdf,files/sites-default-files-NDSAP.pdf
https://data.gov.in/sites/default/files/NDSAP_Implementation_Guidelines_2.2.pdf,files/sites-default-files-NDSAP_Implementation_Guidelines_2.2.pdf
https://india.gov.in/sites/upload_files/npi/files/IndiaPortal.apk,files/upload_files-npi-files-IndiaPortal.apk
http://data.gov.in/sites/default/files/NDSAP.pdf,files/sites-default-files-NDSAP.pdf
http://data.gov.in/sites/default/files/NDSAP_Implementation_Guidelines_2.2.pdf,files/sites-default-files-NDSAP_Implementation_Guidelines_2.2.pdf
https://data.gov.in/sites/default/files/NDSAP.pdf,files/sites-default-files-NDSAP.pdf
https://data.gov.in/sites/default/files/NDSAP_Implementation_Guidelines_2.2.pdf,files/sites-default-files-NDSAP_Implementation_Guidelines_2.2.pdf
https://data.gov.in/sites/default/files/NDSAP.pdf,files/sites-default-files-NDSAP.pdf
https://data.gov.in/sites/default/files/NDSAP_Implementation_Guidelines_2.2.pdf,files/sites-default-files-NDSAP_Implementation_Guidelines_2.2.pdf
https://data.gov.in/sites/default/files/NDSAP.pdf,files/sites-default-files-NDSAP.pdf
https://data.gov.in/sites/default/files/NDSAP_Implementation_Guidelines_2.2.pdf,files/sites-default-files-NDSAP_Implementation_Guidelines_2.2.pdf
https://data.gov.in/sites/default/files/NDSAP.pdf,files/sites-default-files-NDSAP.pdf
https://data.gov.in/sites/default/files/NDSAP_Implementation_Guidelines_2.2.pdf,files/sites-default-files-NDSAP_Implementation_Guidelines_2.2.pdf
https://data.gov.in/sites/default/files/NDSAP.pdf,files/sites-default-files-NDSAP.pdf
https://data.gov.in/sites/default/files/NDSAP_Implementation_Guidelines_2.2.pdf,files/sites-default-files-NDSAP_Implementation_Guidelines_2.2.pdf
https://data.gov.in/sites/default/files/NDSAP.pdf,files/sites-default-files-NDSAP.pdf
https://data.gov.in/sites/default/files/NDSAP_Implementation_Guidelines_2.2.pdf,files/sites-default-files-NDSAP_Implementation_Guidelines_2.2.pdf
https://data.gov.in/sites/default/files/NDSAP.pdf,files/sites-default-files-NDSAP.pdf
https://data.gov.in/sites/default/files/NDSAP_Implementation_Guidelines_2.2.pdf,files/sites-default-files-NDSAP_Implementation_Guidelines_2.2.pdf
https://data.gov.in/sites/default/files/NDSAP.pdf,files/sites-default-files-NDSAP.pdf
https://data.gov.in/sites/default/files/NDSAP_Implementation_Guidelines_2.2.pdf,files/sites-default-files-NDSAP_Implementation_Guidelines_2.2.pdf
https://data.gov.in/sites/default/files/NDSAP.pdf,files/sites-default-files-NDSAP.pdf
https://data.gov.in/sites/default/files/NDSAP_Implementation_Guidelines_2.2.pdf,files/sites-default-files-NDSAP_Implementation_Guidelines_2.2.pdf
https://data.gov.in/sites/default/files/NDSAP.pdf,files/sites-default-files-NDSAP.pdf
https://data.gov.in/sites/default/files/NDSAP_Implementation_Guidelines_2.2.pdf,files/sites-default-files-NDSAP_Implementation_Guidelines_2.2.pdf
https://data.gov.in/sites/default/files/NDSAP.pdf,files/sites-default-files-NDSAP.pdf
https://data.gov.in/sites/default/files/NDSAP_Implementation_Guidelines_2.2.pdf,files/sites-default-files-NDSAP_Implementation_Guidelines_2.2.pdf
https://data.gov.in/sites/default/files/NDSAP.pdf,files/sites-default-files-NDSAP.pdf
https://data.gov.in/sites/default/files/NDSAP_Implementation_Guidelines_2.2.pdf,files/sites-default-files-NDSAP_Implementation_Guidelines_2.2.pdf
https://data.gov.in/sites/default/files/NDSAP.pdf,files/sites-default-files-NDSAP.pdf
https://data.gov.in/sites/default/files/NDSAP_Implementation_Guidelines_2.2.pdf,files/sites-default-files-NDSAP_Implementation_Guidelines_2.2.pdf
https://data.gov.in/sites/default/files/NDSAP.pdf,files/sites-default-files-NDSAP.pdf
https://data.gov.in/sites/default/files/NDSAP_Implementation_Guidelines_2.2.pdf,files/sites-default-files-NDSAP_Implementation_Guidelines_2.2.pdf
https://data.gov.in/sites/default/files/NDSAP.pdf,files/sites-default-files-NDSAP.pdf
https://data.gov.in/sites/default/files/NDSAP_Implementation_Guidelines_2.2.pdf,files/sites-default-files-NDSAP_Implementation_Guidelines_2.2.pdf
https://data.gov.in/sites/default/files/NDSAP.pdf,files/sites-default-files-NDSAP.pdf
https://data.gov.in/sites/default/files/NDSAP_Implementation_Guidelines_2.2.pdf,files/sites-default-files-NDSAP_Implementation_Guidelines_2.2.pdf
https://data.gov.in/sites/default/files/NDSAP.pdf,files/sites-default-files-NDSAP.pdf
https://data.gov.in/sites/default/files/NDSAP_Implementation_Guidelines_2.2.pdf,files/sites-default-files-NDSAP_Implementation_Guidelines_2.2.pdf
https://data.gov.in/sites/default/files/NDSAP.pdf,files/sites-default-files-NDSAP.pdf
https://data.gov.in/sites/default/files/NDSAP_Implementation_Guidelines_2.2.pdf,files/sites-default-files-NDSAP_Implementation_Guidelines_2.2.pdf
https://data.gov.in/sites/default/files/NDSAP.pdf,files/sites-default-files-NDSAP.pdf
https://data.gov.in/sites/default/files/NDSAP_Implementation_Guidelines_2.2.pdf,files/sites-default-files-NDSAP_Implementation_Guidelines_2.2.pdf
https://data.gov.in/sites/default/files/NDSAP.pdf,files/sites-default-files-NDSAP.pdf
https://data.gov.in/sites/default/files/NDSAP_Implementation_Guidelines_2.2.pdf,files/sites-default-files-NDSAP_Implementation_Guidelines_2.2.pdf
https://community.data.gov.in/wp-content/uploads/2015/08/visualization-image-updated-25-nov-2013.jpg,files/uploads-2015-08-visualization-image-updated-25-nov-2013.jpg
https://data.gov.in/sites/default/files/NDSAP.pdf,files/sites-default-files-NDSAP.pdf
https://data.gov.in/sites/default/files/NDSAP_Implementation_Guidelines_2.2.pdf,files/sites-default-files-NDSAP_Implementation_Guidelines_2.2.pdf
https://data.gov.in/sites/default/files/NDSAP.pdf,files/sites-default-files-NDSAP.pdf
https://data.gov.in/sites/default/files/NDSAP_Implementation_Guidelines_2.2.pdf,files/sites-default-files-NDSAP_Implementation_Guidelines_2.2.pdf
https://data.gov.in/sites/default/files/NDSAP.pdf,files/sites-default-files-NDSAP.pdf
https://data.gov.in/sites/default/files/NDSAP_Implementation_Guidelines_2.2.pdf,files/sites-default-files-NDSAP_Implementation_Guidelines_2.2.pdf
https://data.gov.in/sites/default/files/NDSAP.pdf,files/sites-default-files-NDSAP.pdf
https://data.gov.in/sites/default/files/NDSAP_Implementation_Guidelines_2.2.pdf,files/sites-default-files-NDSAP_Implementation_Guidelines_2.2.pdf
https://data.gov.in/sites/default/files/NDSAP.pdf,files/sites-default-files-NDSAP.pdf
https://data.gov.in/sites/default/files/NDSAP_Implementation_Guidelines_2.2.pdf,files/sites-default-files-NDSAP_Implementation_Guidelines_2.2.pdf
https://data.gov.in/sites/default/files/NDSAP.pdf,files/sites-default-files-NDSAP.pdf
https://data.gov.in/sites/default/files/NDSAP_Implementation_Guidelines_2.2.pdf,files/sites-default-files-NDSAP_Implementation_Guidelines_2.2.pdf
https://data.gov.in/sites/default/files/NDSAP.pdf,files/sites-default-files-NDSAP.pdf
https://data.gov.in/sites/default/files/NDSAP_Implementation_Guidelines_2.2.pdf,files/sites-default-files-NDSAP_Implementation_Guidelines_2.2.pdf
https://community.data.gov.in/wp-content/uploads/2015/12/twitterpage.png,files/uploads-2015-12-twitterpage.png
https://community.data.gov.in/wp-content/uploads/2015/12/user1.png,files/uploads-2015-12-user1.png
https://community.data.gov.in/wp-content/uploads/2015/12/favorite.png,files/uploads-2015-12-favorite.png
https://community.data.gov.in/wp-content/uploads/2015/12/timeline_ogd_twitter.jpeg,files/uploads-2015-12-timeline_ogd_twitter.jpeg
https://community.data.gov.in/wp-content/uploads/2015/12/replyotosn_colored.jpeg,files/uploads-2015-12-replyotosn_colored.jpeg
https://community.data.gov.in/wp-content/uploads/2015/12/twitterkr.png,files/uploads-2015-12-twitterkr.png
http://data.gov.in/sites/default/files/NDSAP.pdf,files/sites-default-files-NDSAP.pdf
http://data.gov.in/sites/default/files/NDSAP_Implementation_Guidelines_2.2.pdf,files/sites-default-files-NDSAP_Implementation_Guidelines_2.2.pdf
https://data.gov.in/sites/default/files/NDSAP.pdf,files/sites-default-files-NDSAP.pdf
https://data.gov.in/sites/default/files/NDSAP_Implementation_Guidelines_2.2.pdf,files/sites-default-files-NDSAP_Implementation_Guidelines_2.2.pdf
https://data.gov.in/sites/default/files/NDSAP.pdf,files/sites-default-files-NDSAP.pdf
https://data.gov.in/sites/default/files/NDSAP_Implementation_Guidelines_2.2.pdf,files/sites-default-files-NDSAP_Implementation_Guidelines_2.2.pdf
https://community.data.gov.in/wp-content/uploads/2016/01/Automobiles-and-Pollution-Image-1.jpg,files/uploads-2016-01-Automobiles-and-Pollution-Image-1.jpg
https://community.data.gov.in/wp-content/uploads/2016/02/Image-3.jpg,files/uploads-2016-02-Image-3.jpg
https://community.data.gov.in/wp-content/uploads/2015/09/annual_rainfall_dygraph.png,files/uploads-2015-09-annual_rainfall_dygraph.png
https://community.data.gov.in/wp-content/uploads/2015/09/Rplot01.jpeg,files/uploads-2015-09-Rplot01.jpeg
https://community.data.gov.in/wp-content/uploads/2015/09/Rplot02.jpeg,files/uploads-2015-09-Rplot02.jpeg
https://community.data.gov.in/wp-content/uploads/2015/09/forecastholt.jpeg,files/uploads-2015-09-forecastholt.jpeg
https://data.gov.in/sites/default/files/NDSAP.pdf,files/sites-default-files-NDSAP.pdf
https://data.gov.in/sites/default/files/NDSAP_Implementation_Guidelines_2.2.pdf,files/sites-default-files-NDSAP_Implementation_Guidelines_2.2.pdf
https://data.gov.in/sites/default/files/NDSAP.pdf,files/sites-default-files-NDSAP.pdf
https://data.gov.in/sites/default/files/NDSAP_Implementation_Guidelines_2.2.pdf,files/sites-default-files-NDSAP_Implementation_Guidelines_2.2.pdf
https://data.gov.in/sites/default/files/NDSAP.pdf,files/sites-default-files-NDSAP.pdf
https://data.gov.in/sites/default/files/NDSAP_Implementation_Guidelines_2.2.pdf,files/sites-default-files-NDSAP_Implementation_Guidelines_2.2.pdf
https://community.data.gov.in/wp-content/uploads/2016/02/map1.png,files/uploads-2016-02-map1.png
https://community.data.gov.in/wp-content/uploads/2016/02/map2.png,files/uploads-2016-02-map2.png
https://community.data.gov.in/wp-content/uploads/2016/02/map3.png,files/uploads-2016-02-map3.png
https://community.data.gov.in/wp-content/uploads/2015/09/Ganga_pollution.jpg,files/uploads-2015-09-Ganga_pollution.jpg
https://community.data.gov.in/wp-content/uploads/2015/09/Ganga.jpg,files/uploads-2015-09-Ganga.jpg
https://data.gov.in/sites/default/files/NDSAP.pdf,files/sites-default-files-NDSAP.pdf
https://data.gov.in/sites/default/files/NDSAP_Implementation_Guidelines_2.2.pdf,files/sites-default-files-NDSAP_Implementation_Guidelines_2.2.pdf
https://data.gov.in/sites/default/files/NDSAP.pdf,files/sites-default-files-NDSAP.pdf
https://data.gov.in/sites/default/files/NDSAP_Implementation_Guidelines_2.2.pdf,files/sites-default-files-NDSAP_Implementation_Guidelines_2.2.pdf
https://data.gov.in/sites/default/files/NDSAP.pdf,files/sites-default-files-NDSAP.pdf
https://data.gov.in/sites/default/files/NDSAP_Implementation_Guidelines_2.2.pdf,files/sites-default-files-NDSAP_Implementation_Guidelines_2.2.pdf
https://data.gov.in/sites/default/files/NDSAP.pdf,files/sites-default-files-NDSAP.pdf
https://data.gov.in/sites/default/files/NDSAP_Implementation_Guidelines_2.2.pdf,files/sites-default-files-NDSAP_Implementation_Guidelines_2.2.pdf
https://data.gov.in/sites/default/files/NDSAP.pdf,files/sites-default-files-NDSAP.pdf
https://data.gov.in/sites/default/files/NDSAP_Implementation_Guidelines_2.2.pdf,files/sites-default-files-NDSAP_Implementation_Guidelines_2.2.pdf
https://data.gov.in/sites/default/files/NDSAP.pdf,files/sites-default-files-NDSAP.pdf
https://data.gov.in/sites/default/files/NDSAP_Implementation_Guidelines_2.2.pdf,files/sites-default-files-NDSAP_Implementation_Guidelines_2.2.pdf
https://data.gov.in/sites/default/files/NDSAP.pdf,files/sites-default-files-NDSAP.pdf
https://data.gov.in/sites/default/files/NDSAP_Implementation_Guidelines_2.2.pdf,files/sites-default-files-NDSAP_Implementation_Guidelines_2.2.pdf
https://data.gov.in/sites/default/files/NDSAP.pdf,files/sites-default-files-NDSAP.pdf
https://data.gov.in/sites/default/files/NDSAP_Implementation_Guidelines_2.2.pdf,files/sites-default-files-NDSAP_Implementation_Guidelines_2.2.pdf
https://data.gov.in/sites/default/files/NDSAP.pdf,files/sites-default-files-NDSAP.pdf
https://data.gov.in/sites/default/files/NDSAP_Implementation_Guidelines_2.2.pdf,files/sites-default-files-NDSAP_Implementation_Guidelines_2.2.pdf
https://data.gov.in/sites/default/files/NDSAP.pdf,files/sites-default-files-NDSAP.pdf
https://data.gov.in/sites/default/files/NDSAP_Implementation_Guidelines_2.2.pdf,files/sites-default-files-NDSAP_Implementation_Guidelines_2.2.pdf
https://data.gov.in/sites/default/files/NDSAP.pdf,files/sites-default-files-NDSAP.pdf
https://data.gov.in/sites/default/files/NDSAP_Implementation_Guidelines_2.2.pdf,files/sites-default-files-NDSAP_Implementation_Guidelines_2.2.pdf
https://data.gov.in/sites/default/files/NDSAP.pdf,files/sites-default-files-NDSAP.pdf
https://data.gov.in/sites/default/files/NDSAP_Implementation_Guidelines_2.2.pdf,files/sites-default-files-NDSAP_Implementation_Guidelines_2.2.pdf
https://data.gov.in/sites/default/files/NDSAP.pdf,files/sites-default-files-NDSAP.pdf
https://data.gov.in/sites/default/files/NDSAP_Implementation_Guidelines_2.2.pdf,files/sites-default-files-NDSAP_Implementation_Guidelines_2.2.pdf
https://data.gov.in/sites/default/files/NDSAP.pdf,files/sites-default-files-NDSAP.pdf
https://data.gov.in/sites/default/files/NDSAP_Implementation_Guidelines_2.2.pdf,files/sites-default-files-NDSAP_Implementation_Guidelines_2.2.pdf
https://data.gov.in/sites/default/files/NDSAP.pdf,files/sites-default-files-NDSAP.pdf
https://data.gov.in/sites/default/files/NDSAP_Implementation_Guidelines_2.2.pdf,files/sites-default-files-NDSAP_Implementation_Guidelines_2.2.pdf
https://data.gov.in/sites/default/files/NDSAP.pdf,files/sites-default-files-NDSAP.pdf
https://data.gov.in/sites/default/files/NDSAP_Implementation_Guidelines_2.2.pdf,files/sites-default-files-NDSAP_Implementation_Guidelines_2.2.pdf
https://data.gov.in/sites/default/files/NDSAP.pdf,files/sites-default-files-NDSAP.pdf
https://data.gov.in/sites/default/files/NDSAP_Implementation_Guidelines_2.2.pdf,files/sites-default-files-NDSAP_Implementation_Guidelines_2.2.pdf
https://data.gov.in/sites/default/files/NDSAP.pdf,files/sites-default-files-NDSAP.pdf
https://data.gov.in/sites/default/files/NDSAP_Implementation_Guidelines_2.2.pdf,files/sites-default-files-NDSAP_Implementation_Guidelines_2.2.pdf
https://data.gov.in/sites/default/files/NDSAP.pdf,files/sites-default-files-NDSAP.pdf
https://data.gov.in/sites/default/files/NDSAP_Implementation_Guidelines_2.2.pdf,files/sites-default-files-NDSAP_Implementation_Guidelines_2.2.pdf
https://data.gov.in/sites/default/files/NDSAP.pdf,files/sites-default-files-NDSAP.pdf
https://data.gov.in/sites/default/files/NDSAP_Implementation_Guidelines_2.2.pdf,files/sites-default-files-NDSAP_Implementation_Guidelines_2.2.pdf
https://data.gov.in/sites/default/files/NDSAP.pdf,files/sites-default-files-NDSAP.pdf
https://data.gov.in/sites/default/files/NDSAP_Implementation_Guidelines_2.2.pdf,files/sites-default-files-NDSAP_Implementation_Guidelines_2.2.pdf
https://data.gov.in/sites/default/files/NDSAP.pdf,files/sites-default-files-NDSAP.pdf
https://data.gov.in/sites/default/files/NDSAP_Implementation_Guidelines_2.2.pdf,files/sites-default-files-NDSAP_Implementation_Guidelines_2.2.pdf
https://data.gov.in/sites/default/files/NDSAP.pdf,files/sites-default-files-NDSAP.pdf
https://data.gov.in/sites/default/files/NDSAP_Implementation_Guidelines_2.2.pdf,files/sites-default-files-NDSAP_Implementation_Guidelines_2.2.pdf
https://data.gov.in/sites/default/files/NDSAP.pdf,files/sites-default-files-NDSAP.pdf
https://data.gov.in/sites/default/files/NDSAP_Implementation_Guidelines_2.2.pdf,files/sites-default-files-NDSAP_Implementation_Guidelines_2.2.pdf
https://data.gov.in/sites/default/files/NDSAP.pdf,files/sites-default-files-NDSAP.pdf
https://data.gov.in/sites/default/files/NDSAP_Implementation_Guidelines_2.2.pdf,files/sites-default-files-NDSAP_Implementation_Guidelines_2.2.pdf
https://data.gov.in/sites/default/files/NDSAP.pdf,files/sites-default-files-NDSAP.pdf
https://data.gov.in/sites/default/files/NDSAP_Implementation_Guidelines_2.2.pdf,files/sites-default-files-NDSAP_Implementation_Guidelines_2.2.pdf
https://data.gov.in/sites/default/files/NDSAP.pdf,files/sites-default-files-NDSAP.pdf
https://data.gov.in/sites/default/files/NDSAP_Implementation_Guidelines_2.2.pdf,files/sites-default-files-NDSAP_Implementation_Guidelines_2.2.pdf
https://community.data.gov.in/wp-content/uploads/2015/08/people.jpg,files/uploads-2015-08-people.jpg
https://data.gov.in/sites/default/files/NDSAP.pdf,files/sites-default-files-NDSAP.pdf
https://data.gov.in/sites/default/files/NDSAP_Implementation_Guidelines_2.2.pdf,files/sites-default-files-NDSAP_Implementation_Guidelines_2.2.pdf
https://data.gov.in/sites/default/files/NDSAP.pdf,files/sites-default-files-NDSAP.pdf
https://data.gov.in/sites/default/files/NDSAP_Implementation_Guidelines_2.2.pdf,files/sites-default-files-NDSAP_Implementation_Guidelines_2.2.pdf
https://data.gov.in/sites/default/files/NDSAP.pdf,files/sites-default-files-NDSAP.pdf
https://data.gov.in/sites/default/files/NDSAP_Implementation_Guidelines_2.2.pdf,files/sites-default-files-NDSAP_Implementation_Guidelines_2.2.pdf
https://data.gov.in/sites/default/files/NDSAP.pdf,files/sites-default-files-NDSAP.pdf
https://data.gov.in/sites/default/files/NDSAP_Implementation_Guidelines_2.2.pdf,files/sites-default-files-NDSAP_Implementation_Guidelines_2.2.pdf
https://data.gov.in/sites/default/files/NDSAP.pdf,files/sites-default-files-NDSAP.pdf
https://data.gov.in/sites/default/files/NDSAP_Implementation_Guidelines_2.2.pdf,files/sites-default-files-NDSAP_Implementation_Guidelines_2.2.pdf
https://data.gov.in/sites/default/files/NDSAP.pdf,files/sites-default-files-NDSAP.pdf
https://data.gov.in/sites/default/files/NDSAP_Implementation_Guidelines_2.2.pdf,files/sites-default-files-NDSAP_Implementation_Guidelines_2.2.pdf
https://community.data.gov.in/wp-content/uploads/2015/08/5.jpg,files/uploads-2015-08-5.jpg
https://data.gov.in/sites/default/files/NDSAP.pdf,files/sites-default-files-NDSAP.pdf
https://data.gov.in/sites/default/files/NDSAP_Implementation_Guidelines_2.2.pdf,files/sites-default-files-NDSAP_Implementation_Guidelines_2.2.pdf
https://data.gov.in/sites/default/files/NDSAP.pdf,files/sites-default-files-NDSAP.pdf
https://data.gov.in/sites/default/files/NDSAP_Implementation_Guidelines_2.2.pdf,files/sites-default-files-NDSAP_Implementation_Guidelines_2.2.pdf
https://data.gov.in/sites/default/files/NDSAP.pdf,files/sites-default-files-NDSAP.pdf
https://data.gov.in/sites/default/files/NDSAP_Implementation_Guidelines_2.2.pdf,files/sites-default-files-NDSAP_Implementation_Guidelines_2.2.pdf
https://data.gov.in/sites/default/files/NDSAP.pdf,files/sites-default-files-NDSAP.pdf
https://data.gov.in/sites/default/files/NDSAP_Implementation_Guidelines_2.2.pdf,files/sites-default-files-NDSAP_Implementation_Guidelines_2.2.pdf
https://data.gov.in/sites/default/files/NDSAP.pdf,files/sites-default-files-NDSAP.pdf
https://data.gov.in/sites/default/files/NDSAP_Implementation_Guidelines_2.2.pdf,files/sites-default-files-NDSAP_Implementation_Guidelines_2.2.pdf
https://data.gov.in/sites/default/files/NDSAP.pdf,files/sites-default-files-NDSAP.pdf
https://data.gov.in/sites/default/files/NDSAP_Implementation_Guidelines_2.2.pdf,files/sites-default-files-NDSAP_Implementation_Guidelines_2.2.pdf
https://data.gov.in/sites/default/files/NDSAP.pdf,files/sites-default-files-NDSAP.pdf
https://data.gov.in/sites/default/files/NDSAP_Implementation_Guidelines_2.2.pdf,files/sites-default-files-NDSAP_Implementation_Guidelines_2.2.pdf
https://data.gov.in/sites/default/files/NDSAP.pdf,files/sites-default-files-NDSAP.pdf
https://data.gov.in/sites/default/files/NDSAP_Implementation_Guidelines_2.2.pdf,files/sites-default-files-NDSAP_Implementation_Guidelines_2.2.pdf
https://data.gov.in/sites/default/files/NDSAP.pdf,files/sites-default-files-NDSAP.pdf
https://data.gov.in/sites/default/files/NDSAP_Implementation_Guidelines_2.2.pdf,files/sites-default-files-NDSAP_Implementation_Guidelines_2.2.pdf
https://data.gov.in/sites/default/files/NDSAP.pdf,files/sites-default-files-NDSAP.pdf
https://data.gov.in/sites/default/files/NDSAP_Implementation_Guidelines_2.2.pdf,files/sites-default-files-NDSAP_Implementation_Guidelines_2.2.pdf
https://data.gov.in/sites/default/files/NDSAP.pdf,files/sites-default-files-NDSAP.pdf
https://data.gov.in/sites/default/files/NDSAP_Implementation_Guidelines_2.2.pdf,files/sites-default-files-NDSAP_Implementation_Guidelines_2.2.pdf
https://data.gov.in/sites/default/files/NDSAP.pdf,files/sites-default-files-NDSAP.pdf
https://data.gov.in/sites/default/files/NDSAP_Implementation_Guidelines_2.2.pdf,files/sites-default-files-NDSAP_Implementation_Guidelines_2.2.pdf
https://data.gov.in/sites/default/files/NDSAP.pdf,files/sites-default-files-NDSAP.pdf
https://data.gov.in/sites/default/files/NDSAP_Implementation_Guidelines_2.2.pdf,files/sites-default-files-NDSAP_Implementation_Guidelines_2.2.pdf
https://data.gov.in/sites/default/files/NDSAP.pdf,files/sites-default-files-NDSAP.pdf
https://data.gov.in/sites/default/files/NDSAP_Implementation_Guidelines_2.2.pdf,files/sites-default-files-NDSAP_Implementation_Guidelines_2.2.pdf
https://data.gov.in/sites/default/files/NDSAP.pdf,files/sites-default-files-NDSAP.pdf
https://data.gov.in/sites/default/files/NDSAP_Implementation_Guidelines_2.2.pdf,files/sites-default-files-NDSAP_Implementation_Guidelines_2.2.pdf
https://data.gov.in/sites/default/files/NDSAP.pdf,files/sites-default-files-NDSAP.pdf
https://data.gov.in/sites/default/files/NDSAP.pdf,files/sites-default-files-NDSAP.pdf
https://data.gov.in/sites/default/files/NDSAP.pdf,files/sites-default-files-NDSAP.pdf
https://data.gov.in/sites/default/files/NDSAP_Implementation_Guidelines_2.2.pdf,files/sites-default-files-NDSAP_Implementation_Guidelines_2.2.pdf
https://data.gov.in/sites/default/files/NDSAP.pdf,files/sites-default-files-NDSAP.pdf
https://data.gov.in/sites/default/files/NDSAP_Implementation_Guidelines_2.2.pdf,files/sites-default-files-NDSAP_Implementation_Guidelines_2.2.pdf
https://data.gov.in/sites/default/files/NDSAP.pdf,files/sites-default-files-NDSAP.pdf
https://data.gov.in/sites/default/files/NDSAP.pdf,files/sites-default-files-NDSAP.pdf
https://data.gov.in/sites/default/files/NDSAP_Implementation_Guidelines_2.2.pdf,files/sites-default-files-NDSAP_Implementation_Guidelines_2.2.pdf
https://data.gov.in/sites/default/files/NDSAP.pdf,files/sites-default-files-NDSAP.pdf
https://data.gov.in/sites/default/files/NDSAP_Implementation_Guidelines_2.2.pdf,files/sites-default-files-NDSAP_Implementation_Guidelines_2.2.pdf
https://community.data.gov.in/wp-content/uploads/2017/05/HospitalWay-Banner-Option-2.jpg,files/uploads-2017-05-HospitalWay-Banner-Option-2.jpg
https://community.data.gov.in/wp-content/uploads/2017/05/1.png,files/uploads-2017-05-1.png
https://community.data.gov.in/wp-content/uploads/2017/05/3.png,files/uploads-2017-05-3.png
https://community.data.gov.in/wp-content/uploads/2017/05/4.png,files/uploads-2017-05-4.png
https://community.data.gov.in/wp-content/uploads/2017/05/2.png,files/uploads-2017-05-2.png
https://data.gov.in/sites/default/files/NDSAP.pdf,files/sites-default-files-NDSAP.pdf
https://data.gov.in/sites/default/files/NDSAP_Implementation_Guidelines_2.2.pdf,files/sites-default-files-NDSAP_Implementation_Guidelines_2.2.pdf
https://data.gov.in/sites/default/files/NDSAP.pdf,files/sites-default-files-NDSAP.pdf
https://data.gov.in/sites/default/files/NDSAP_Implementation_Guidelines_2.2.pdf,files/sites-default-files-NDSAP_Implementation_Guidelines_2.2.pdf
https://data.gov.in/sites/default/files/NDSAP.pdf,files/sites-default-files-NDSAP.pdf
https://data.gov.in/sites/default/files/NDSAP_Implementation_Guidelines_2.2.pdf,files/sites-default-files-NDSAP_Implementation_Guidelines_2.2.pdf
https://data.gov.in/sites/default/files/NDSAP.pdf,files/sites-default-files-NDSAP.pdf
https://data.gov.in/sites/default/files/NDSAP_Implementation_Guidelines_2.2.pdf,files/sites-default-files-NDSAP_Implementation_Guidelines_2.2.pdf
https://data.gov.in/sites/default/files/NDSAP.pdf,files/sites-default-files-NDSAP.pdf
https://data.gov.in/sites/default/files/NDSAP_Implementation_Guidelines_2.2.pdf,files/sites-default-files-NDSAP_Implementation_Guidelines_2.2.pdf
https://data.gov.in/sites/default/files/NDSAP.pdf,files/sites-default-files-NDSAP.pdf
https://data.gov.in/sites/default/files/NDSAP_Implementation_Guidelines_2.2.pdf,files/sites-default-files-NDSAP_Implementation_Guidelines_2.2.pdf
https://data.gov.in/sites/default/files/NDSAP.pdf,files/sites-default-files-NDSAP.pdf
https://data.gov.in/sites/default/files/NDSAP_Implementation_Guidelines_2.2.pdf,files/sites-default-files-NDSAP_Implementation_Guidelines_2.2.pdf
http://data.gov.in/sites/default/files/NDSAP.pdf,files/sites-default-files-NDSAP.pdf
http://data.gov.in/sites/default/files/NDSAP_Implementation_Guidelines_2.2.pdf,files/sites-default-files-NDSAP_Implementation_Guidelines_2.2.pdf
https://data.gov.in/sites/default/files/NDSAP.pdf,files/sites-default-files-NDSAP.pdf
https://data.gov.in/sites/default/files/NDSAP_Implementation_Guidelines_2.2.pdf,files/sites-default-files-NDSAP_Implementation_Guidelines_2.2.pdf
https://data.gov.in/sites/default/files/NDSAP.pdf,files/sites-default-files-NDSAP.pdf
https://data.gov.in/sites/default/files/NDSAP_Implementation_Guidelines_2.2.pdf,files/sites-default-files-NDSAP_Implementation_Guidelines_2.2.pdf
https://data.gov.in/sites/default/files/NDSAP.pdf,files/sites-default-files-NDSAP.pdf
https://data.gov.in/sites/default/files/NDSAP_Implementation_Guidelines_2.2.pdf,files/sites-default-files-NDSAP_Implementation_Guidelines_2.2.pdf
https://data.gov.in/sites/default/files/NDSAP.pdf,files/sites-default-files-NDSAP.pdf
https://data.gov.in/sites/default/files/NDSAP_Implementation_Guidelines_2.2.pdf,files/sites-default-files-NDSAP_Implementation_Guidelines_2.2.pdf
https://data.gov.in/sites/default/files/NDSAP.pdf,files/sites-default-files-NDSAP.pdf
https://data.gov.in/sites/default/files/NDSAP_Implementation_Guidelines_2.2.pdf,files/sites-default-files-NDSAP_Implementation_Guidelines_2.2.pdf
https://data.gov.in/sites/default/files/NDSAP.pdf,files/sites-default-files-NDSAP.pdf
https://data.gov.in/sites/default/files/NDSAP_Implementation_Guidelines_2.2.pdf,files/sites-default-files-NDSAP_Implementation_Guidelines_2.2.pdf
https://data.gov.in/sites/default/files/NDSAP.pdf,files/sites-default-files-NDSAP.pdf
https://data.gov.in/sites/default/files/NDSAP_Implementation_Guidelines_2.2.pdf,files/sites-default-files-NDSAP_Implementation_Guidelines_2.2.pdf
https://data.gov.in/sites/default/files/NDSAP.pdf,files/sites-default-files-NDSAP.pdf
https://data.gov.in/sites/default/files/NDSAP_Implementation_Guidelines_2.2.pdf,files/sites-default-files-NDSAP_Implementation_Guidelines_2.2.pdf
https://data.gov.in/sites/default/files/NDSAP.pdf,files/sites-default-files-NDSAP.pdf
https://data.gov.in/sites/default/files/NDSAP_Implementation_Guidelines_2.2.pdf,files/sites-default-files-NDSAP_Implementation_Guidelines_2.2.pdf
https://data.gov.in/sites/default/files/NDSAP.pdf,files/sites-default-files-NDSAP.pdf
https://data.gov.in/sites/default/files/NDSAP_Implementation_Guidelines_2.2.pdf,files/sites-default-files-NDSAP_Implementation_Guidelines_2.2.pdf
https://data.gov.in/sites/default/files/NDSAP.pdf,files/sites-default-files-NDSAP.pdf
https://data.gov.in/sites/default/files/NDSAP_Implementation_Guidelines_2.2.pdf,files/sites-default-files-NDSAP_Implementation_Guidelines_2.2.pdf
https://data.gov.in/sites/default/files/NDSAP.pdf,files/sites-default-files-NDSAP.pdf
https://data.gov.in/sites/default/files/NDSAP_Implementation_Guidelines_2.2.pdf,files/sites-default-files-NDSAP_Implementation_Guidelines_2.2.pdf
https://community.data.gov.in/wp-content/uploads/2015/08/visualization-image_0.jpg,files/uploads-2015-08-visualization-image_0.jpg
https://data.gov.in/sites/default/files/NDSAP.pdf,files/sites-default-files-NDSAP.pdf
https://data.gov.in/sites/default/files/NDSAP_Implementation_Guidelines_2.2.pdf,files/sites-default-files-NDSAP_Implementation_Guidelines_2.2.pdf
https://data.gov.in/sites/default/files/NDSAP.pdf,files/sites-default-files-NDSAP.pdf
https://data.gov.in/sites/default/files/NDSAP_Implementation_Guidelines_2.2.pdf,files/sites-default-files-NDSAP_Implementation_Guidelines_2.2.pdf
http://data.gov.in/sites/default/files/NDSAP.pdf,files/sites-default-files-NDSAP.pdf
http://data.gov.in/sites/default/files/NDSAP_Implementation_Guidelines_2.2.pdf,files/sites-default-files-NDSAP_Implementation_Guidelines_2.2.pdf
https://data.gov.in/sites/default/files/office_memorandum.pdf,files/sites-default-files-office_memorandum.pdf
http://data.gov.in/sites/default/files/WebRatna2014.pdf,files/sites-default-files-WebRatna2014.pdf
http://data.gov.in/sites/default/files/MandiTrades.pdf,files/sites-default-files-MandiTrades.pdf
http://data.gov.in/sites/default/files/CodeForHonorFinals.pdf,files/sites-default-files-CodeForHonorFinals.pdf
http://data.gov.in/sites/default/files/CMA_Hackathon.pdf,files/sites-default-files-CMA_Hackathon.pdf
http://data.gov.in/sites/default/files/Workshop_NDSAP_MP.pdf,files/sites-default-files-Workshop_NDSAP_MP.pdf
http://data.gov.in/sites/default/files/Seminar_NDSAP_OGD_MP.pdf,files/sites-default-files-Seminar_NDSAP_OGD_MP.pdf
http://data.gov.in/sites/default/files/ndsap_awareness_Odisha.pdf,files/sites-default-files-ndsap_awareness_Odisha.pdf
http://data.gov.in/sites/default/files/Seminar_NDSAP_OGD_Kochi.pdf,files/sites-default-files-Seminar_NDSAP_OGD_Kochi.pdf
https://data.gov.in/sites/default/files/NDSAP.pdf,files/sites-default-files-NDSAP.pdf
https://data.gov.in/sites/default/files/NDSAP_Implementation_Guidelines_2.2.pdf,files/sites-default-files-NDSAP_Implementation_Guidelines_2.2.pdf
https://data.gov.in/sites/default/files/NDSAP.pdf,files/sites-default-files-NDSAP.pdf
https://data.gov.in/sites/default/files/NDSAP_Implementation_Guidelines_2.2.pdf,files/sites-default-files-NDSAP_Implementation_Guidelines_2.2.pdf
https://data.gov.in/sites/default/files/NDSAP.pdf,files/sites-default-files-NDSAP.pdf
https://data.gov.in/sites/default/files/NDSAP_Implementation_Guidelines_2.2.pdf,files/sites-default-files-NDSAP_Implementation_Guidelines_2.2.pdf
https://data.gov.in/sites/default/files/NDSAP.pdf,files/sites-default-files-NDSAP.pdf
https://data.gov.in/sites/default/files/NDSAP_Implementation_Guidelines_2.2.pdf,files/sites-default-files-NDSAP_Implementation_Guidelines_2.2.pdf
https://data.gov.in/sites/default/files/NDSAP.pdf,files/sites-default-files-NDSAP.pdf
https://data.gov.in/sites/default/files/NDSAP_Implementation_Guidelines_2.2.pdf,files/sites-default-files-NDSAP_Implementation_Guidelines_2.2.pdf
http://data.gov.in/sites/default/files/Workshop%20for%20NDSAP%20Coordinators%20from%20NIC.pdf,files/sites-default-files-Workshop%20for%20NDSAP%20Coordinators%20from%20NIC.pdf
http://data.gov.in/sites/default/files/Programme_for_1st_Workshopfinal.pdf,files/sites-default-files-Programme_for_1st_Workshopfinal.pdf
https://data.gov.in/sites/default/files/Gazette_Notification_OGDL.pdf,files/sites-default-files-Gazette_Notification_OGDL.pdf
https://data.gov.in/sites/default/files/NDSAP_OpenDataLicense.pdf,files/sites-default-files-NDSAP_OpenDataLicense.pdf
https://data.gov.in/sites/default/files/Government_Open_Data_Use_Licence_India.pdf,files/sites-default-files-Government_Open_Data_Use_Licence_India.pdf
https://data.gov.in/sites/default/files/Telangana-Open-Data-Policy-2016.pdf,files/sites-default-files-Telangana-Open-Data-Policy-2016.pdf
https://data.gov.in/sites/default/files/Draft_GODL.pdf,files/sites-default-files-Draft_GODL.pdf
https://data.gov.in/sites/default/files/Compendium_Data_Driven_Decision_Making_NIC.pdf,files/sites-default-files-Compendium_Data_Driven_Decision_Making_NIC.pdf
https://data.gov.in/sites/default/files/OGD_Brochure.pdf,files/sites-default-files-OGD_Brochure.pdf
https://data.gov.in/sites/default/files/MPDSAP.pdf,files/sites-default-files-MPDSAP.pdf
https://data.gov.in/sites/default/files/OM-reconstituted_for_Open_Government_Data_Initiative_under_NDSAP.pdf,files/sites-default-files-OM-reconstituted_for_Open_Government_Data_Initiative_under_NDSAP.pdf
https://data.gov.in/sites/default/files/letter_sec_state_cs.pdf,files/sites-default-files-letter_sec_state_cs.pdf
https://data.gov.in/sites/default/files/letter.pdf,files/sites-default-files-letter.pdf
http://data.gov.in/sites/default/files/banner116x31.jpg,files/sites-default-files-banner116x31.jpg
http://data.gov.in/sites/default/files/banner158x44_1.jpg,files/sites-default-files-banner158x44_1.jpg
http://data.gov.in/sites/default/files/banner175x46.jpg,files/sites-default-files-banner175x46.jpg
http://data.gov.in/sites/default/files/banner178x35.jpg,files/sites-default-files-banner178x35.jpg
http://data.gov.in/sites/default/files/banner182x57.jpg,files/sites-default-files-banner182x57.jpg
http://data.gov.in/sites/default/files/banner196x57.jpg,files/sites-default-files-banner196x57.jpg
http://data.gov.in/sites/default/files/banner217x50.jpg,files/sites-default-files-banner217x50.jpg
http://data.gov.in/sites/default/files/banner220x57.jpg,files/sites-default-files-banner220x57.jpg
http://data.gov.in/sites/default/files/banner247x57.jpg,files/sites-default-files-banner247x57.jpg
http://data.gov.in/sites/default/files/banner391x67.jpg,files/sites-default-files-banner391x67.jpg
http://data.gov.in/sites/default/files/NDSAP.pdf,files/sites-default-files-NDSAP.pdf
http://data.gov.in/sites/default/files/NDSAP_Implementation_Guidelines_2.2.pdf,files/sites-default-files-NDSAP_Implementation_Guidelines_2.2.pdf
http://data.gov.in/sites/default/files/NDSAP.pdf,files/sites-default-files-NDSAP.pdf
http://data.gov.in/sites/default/files/NDSAP_Implementation_Guidelines_2.2.pdf,files/sites-default-files-NDSAP_Implementation_Guidelines_2.2.pdf
http://data.gov.in/sites/default/files/NominationDeadlineWebRatna.pdf,files/sites-default-files-NominationDeadlineWebRatna.pdf
http://data.gov.in/sites/default/files/Publishing_MMP_Datasets.pdf,files/sites-default-files-Publishing_MMP_Datasets.pdf
http://data.gov.in/sites/default/files/Seventh_CPC.pdf,files/sites-default-files-Seventh_CPC.pdf
http://data.gov.in/sites/default/files/letter_MMP_datagov.pdf,files/sites-default-files-letter_MMP_datagov.pdf
http://data.gov.in/sites/default/files/Consultation_Meet_NDSAP_Implementation.pdf,files/sites-default-files-Consultation_Meet_NDSAP_Implementation.pdf
https://data.gov.in/sites/default/files/SODAAP-Policy-Document-Sikkim.pdf,files/sites-default-files-SODAAP-Policy-Document-Sikkim.pdf
http://data.gov.in/sites/default/files/NDSAP_Implementation_Guidelines_2.2.pdf,files/sites-default-files-NDSAP_Implementation_Guidelines_2.2.pdf
http://data.gov.in/sites/default/files/jury.pdf,files/sites-default-files-jury.pdf
http://data.gov.in/sites/default/files/Code_for_Honor.pdf,files/sites-default-files-Code_for_Honor.pdf
http://data.gov.in/sites/default/files/commercial_use_of_apps.pdf,files/sites-default-files-commercial_use_of_apps.pdf
http://data.gov.in/sites/default/files/Regional%20Coordinators%20for%20Implementation%20of%20Open%20Govt%20Data.pdf,files/sites-default-files-Regional%20Coordinators%20for%20Implementation%20of%20Open%20Govt%20Data.pdf
https://data.gov.in/sites/default/files/Notification-GIS-RS-NSDAP-2012-1.pdf,files/sites-default-files-Notification-GIS-RS-NSDAP-2012-1.pdf
http://data.gov.in/sites/default/files/Revised_TaskForce_DataPortal.pdf,files/sites-default-files-Revised_TaskForce_DataPortal.pdf
http://data.gov.in/sites/default/files/nicsupportndsap.pdf,files/sites-default-files-nicsupportndsap.pdf
http://data.gov.in/sites/default/files/taskforce.pdf,files/sites-default-files-taskforce.pdf
http://data.gov.in/sites/default/files/NDSAP.pdf,files/sites-default-files-NDSAP.pdf
http://data.gov.in/sites/default/files/NDSAP.pdf,files/sites-default-files-NDSAP.pdf
http://data.gov.in/sites/default/files/NDSAP_Implementation_Guidelines_2.2.pdf,files/sites-default-files-NDSAP_Implementation_Guidelines_2.2.pdf
http://data.gov.in/sites/default/files/GovernanceNowVolume05Issue24.pdf,files/sites-default-files-GovernanceNowVolume05Issue24.pdf
https://data.gov.in/sites/default/files/NDSAP.pdf,files/sites-default-files-NDSAP.pdf
https://data.gov.in/sites/default/files/NDSAP_Implementation_Guidelines_2.2.pdf,files/sites-default-files-NDSAP_Implementation_Guidelines_2.2.pdf
https://data.gov.in/sites/default/files/NDSAP.pdf,files/sites-default-files-NDSAP.pdf
https://data.gov.in/sites/default/files/NDSAP_Implementation_Guidelines_2.2.pdf,files/sites-default-files-NDSAP_Implementation_Guidelines_2.2.pdf
https://data.gov.in/sites/default/files/NDSAP.pdf,files/sites-default-files-NDSAP.pdf
https://data.gov.in/sites/default/files/NDSAP_Implementation_Guidelines_2.2.pdf,files/sites-default-files-NDSAP_Implementation_Guidelines_2.2.pdf
https://data.gov.in/sites/default/files/NDSAP.pdf,files/sites-default-files-NDSAP.pdf
https://data.gov.in/sites/default/files/NDSAP_Implementation_Guidelines_2.2.pdf,files/sites-default-files-NDSAP_Implementation_Guidelines_2.2.pdf
http://data.gov.in/sites/default/files/NDSAP.pdf,files/sites-default-files-NDSAP.pdf
http://data.gov.in/sites/default/files/NDSAP_Implementation_Guidelines_2.2.pdf,files/sites-default-files-NDSAP_Implementation_Guidelines_2.2.pdf
https://data.gov.in/sites/default/files/NDSAP.pdf,files/sites-default-files-NDSAP.pdf
https://data.gov.in/sites/default/files/NDSAP_Implementation_Guidelines_2.2.pdf,files/sites-default-files-NDSAP_Implementation_Guidelines_2.2.pdf
https://data.gov.in/sites/default/files/NDSAP.pdf,files/sites-default-files-NDSAP.pdf
https://data.gov.in/sites/default/files/NDSAP_Implementation_Guidelines_2.2.pdf,files/sites-default-files-NDSAP_Implementation_Guidelines_2.2.pdf
https://data.gov.in/sites/default/files/NDSAP.pdf,files/sites-default-files-NDSAP.pdf
https://data.gov.in/sites/default/files/NDSAP_Implementation_Guidelines_2.2.pdf,files/sites-default-files-NDSAP_Implementation_Guidelines_2.2.pdf
https://data.gov.in/sites/default/files/NDSAP.pdf,files/sites-default-files-NDSAP.pdf
https://data.gov.in/sites/default/files/NDSAP_Implementation_Guidelines_2.2.pdf,files/sites-default-files-NDSAP_Implementation_Guidelines_2.2.pdf
https://data.gov.in/sites/default/files/NDSAP.pdf,files/sites-default-files-NDSAP.pdf
https://data.gov.in/sites/default/files/NDSAP_Implementation_Guidelines_2.2.pdf,files/sites-default-files-NDSAP_Implementation_Guidelines_2.2.pdf
https://data.gov.in/sites/default/files/NDSAP.pdf,files/sites-default-files-NDSAP.pdf
https://data.gov.in/sites/default/files/NDSAP_Implementation_Guidelines_2.2.pdf,files/sites-default-files-NDSAP_Implementation_Guidelines_2.2.pdf
https://data.gov.in/sites/default/files/NDSAP.pdf,files/sites-default-files-NDSAP.pdf
https://data.gov.in/sites/default/files/NDSAP_Implementation_Guidelines_2.2.pdf,files/sites-default-files-NDSAP_Implementation_Guidelines_2.2.pdf
https://data.gov.in/sites/default/files/NDSAP.pdf,files/sites-default-files-NDSAP.pdf
